{
  "feature_statistics": {
    "population_score": {
      "count": 4694.0,
      "mean": 0.008460245246824339,
      "std": 0.031790898161344644,
      "min": 0.0,
      "25%": 0.0016939700802582976,
      "50%": 0.0036905797663939867,
      "75%": 0.008009747366393786,
      "max": 1.0
    },
    "ev_registration_score": {
      "count": 4694.0,
      "mean": 0.0,
      "std": 0.0,
      "min": 0.0,
      "25%": 0.0,
      "50%": 0.0,
      "75%": 0.0,
      "max": 0.0
    },
    "road_accessibility_score": {
      "count": 4694.0,
      "mean": 0.9498857743785516,
      "std": 0.0764172779829912,
      "min": 0.0,
      "25%": 0.9468266037716075,
      "50%": 0.9721371644714449,
      "75%": 0.9858385658296194,
      "max": 1.0
    },
    "commercial_density_score": {
      "count": 4694.0,
      "mean": 0.0032532573542373286,
      "std": 0.033050738065838754,
      "min": 0.0,
      "25%": 0.0,
      "50%": 0.0,
      "75%": 0.0,
      "max": 1.0
    },
    "transport_hub_score": {
      "count": 4694.0,
      "mean": 0.8784230732873439,
      "std": 0.11254327765770537,
      "min": 0.0,
      "25%": 0.8382027252821483,
      "50%": 0.9127267318240577,
      "75%": 0.9566210037805285,
      "max": 1.0
    },
    "tourism_score": {
      "count": 4694.0,
      "mean": 0.0,
      "std": 0.0,
      "min": 0.0,
      "25%": 0.0,
      "50%": 0.0,
      "75%": 0.0,
      "max": 0.0
    },
    "charger_load_score": {
      "count": 4694.0,
      "mean": 0.0,
      "std": 0.0,
      "min": 0.0,
      "25%": 0.0,
      "50%": 0.0,
      "75%": 0.0,
      "max": 0.0
    },
    "nearest_existing_station_distance": {
      "count": 4694.0,
      "mean": 14.570104092142108,
      "std": 21.045445980624702,
      "min": 0.126673011501257,
      "25%": 4.913191596249128,
      "50%": 8.628433351392143,
      "75%": 15.169481263780762,
      "max": 524.8769668838096
    },
    "nearest_road_distance": {
      "count": 4693.0,
      "mean": 1.9108314001856361,
      "std": 2.8765959712834515,
      "min": 0.0004694699626312261,
      "25%": 0.5424821908493461,
      "50%": 1.0667578244896991,
      "75%": 2.0354753657789977,
      "max": 38.275208783687894
    },
    "nearest_highway_distance": {
      "count": 4693.0,
      "mean": 7.1238676544361015,
      "std": 11.795426568791571,
      "min": 0.029931558938843864,
      "25%": 2.4691281485017633,
      "50%": 4.60612838474353,
      "75%": 8.29192799089104,
      "max": 524.9504994276962
    },
    "nearest_city_distance": {
      "count": 4694.0,
      "mean": 19.434699747294562,
      "std": 21.753974935238446,
      "min": 0.2896110065967177,
      "25%": 7.897814858506352,
      "50%": 13.808238649705597,
      "75%": 22.495801608100322,
      "max": 527.0099727204498
    },
    "nearest_airport_distance": {
      "count": 4694.0,
      "mean": 43.91190218935718,
      "std": 24.531344708501162,
      "min": 0.3184017289706371,
      "25%": 24.84519337970294,
      "50%": 40.84696360946911,
      "75%": 59.040274458437146,
      "max": 157.342302775602
    },
    "nearest_fuel_station_distance": {
      "count": 4693.0,
      "mean": 21.708052955662012,
      "std": 20.80656654315005,
      "min": 0.06823306577235193,
      "25%": 8.026881999847705,
      "50%": 16.27172799896571,
      "75%": 29.16838651470257,
      "max": 524.9300068320289
    },
    "nearest_bus_station_distance": {
      "count": 4693.0,
      "mean": 22.990696567219274,
      "std": 21.008482974406544,
      "min": 0.06521939103824993,
      "25%": 9.199941741512864,
      "50%": 17.69204467126997,
      "75%": 30.69028497557287,
      "max": 524.8194885230239
    },
    "nearest_railway_station_distance": {
      "count": 4693.0,
      "mean": 30.869795665046123,
      "std": 72.65846800938868,
      "min": 0.03755116422653849,
      "25%": 7.222118904365507,
      "50%": 16.11102134909089,
      "75%": 32.71846560179337,
      "max": 1570.5446137406402
    },
    "demand_score": {
      "count": 4694.0,
      "mean": 0.35875165045382795,
      "std": 0.03672911290807328,
      "min": 0.037512651817557245,
      "25%": 0.3487402411287812,
      "50%": 0.36575458729061716,
      "75%": 0.3760268114240839,
      "max": 0.9884144440841656
    }
  },
  "records": 4694
}